mls_area,subdivision,closed_listings,property_types,first_close,last_close
11 - West of the Ashley Inside I-526,Concord West of The Ashley,1,A1,2021-03-12,2021-03-12
11 - West of the Ashley Inside I-526,Maryville,1,A1,2023-06-08,2023-06-08
11 - West of the Ashley Inside I-526,Orange Grove Estates,1,B1,2026-09-01,2026-09-01
11 - West of the Ashley Inside I-526,Parkwood Estates,1,A1,2021-01-12,2021-01-12
11 - West of the Ashley Inside I-526,West Glow,1,B1,2022-06-03,2022-06-03
12 - West of the Ashley Outside I-526,Asheford Place at Canterbury Place,1,A1,2021-12-28,2021-12-28
12 - West of the Ashley Outside I-526,Asheford Place at Canterbury Woods,1,A1,2022-04-18,2022-04-18
12 - West of the Ashley Outside I-526,Ashleytowne Village,1,A1,2021-04-29,2021-04-29
12 - West of the Ashley Outside I-526,Carolina Cove,2,A2,2022-06-22,2025-05-28
12 - West of the Ashley Outside I-526,Castlewood,1,A1,2022-05-27,2022-05-27
12 - West of the Ashley Outside I-526,Parsonage Point,1,A1,2020-08-31,2020-08-31
12 - West of the Ashley Outside I-526,Red Top,1,A1,2020-10-23,2020-10-23
12 - West of the Ashley Outside I-526,Shadowmoss,2,A2,2021-03-26,2023-02-13
12 - West of the Ashley Outside I-526,Springfield,1,A1,2021-12-29,2021-12-29
21 - James Island,Crosscreek,1,B1,2025-05-19,2025-05-19
21 - James Island,Lynwood Villas,1,A1,2025-08-12,2025-08-12
21 - James Island,Mira Vista,2,A2,2021-11-15,2024-03-27
21 - James Island,Oakcrest,1,A1,2026-07-02,2026-07-02
21 - James Island,Regatta On James Island,2,A2,2020-12-14,2022-05-03
22 - Folly Beach to Battery Island,Pavilion Watch,1,A1,2022-07-22,2022-07-22
23 - Johns Island,Kiawah River,1,A1,2022-04-27,2022-04-27
23 - Johns Island,Oakfield,1,A1,2023-07-14,2023-07-14
31 - North Charleston Inside I-526,Accabee,1,C1,2022-05-02,2022-05-02
31 - North Charleston Inside I-526,Admiral Apartments,1,B1,2026-01-12,2026-01-12
31 - North Charleston Inside I-526,Buckfield,3,B3,2021-08-27,2023-12-29
31 - North Charleston Inside I-526,Dorchester Terrace,2,B2,2025-05-23,2025-05-23
31 - North Charleston Inside I-526,Russelldale,1,B1,2025-05-23,2025-05-23
31 - North Charleston Inside I-526,Waylyn,1,A1,2023-08-07,2023-08-07
"32 - N.Charleston, Summerville, Ladson, Outside I-526",Brookdale,1,A1,2020-09-25,2020-09-25
"32 - N.Charleston, Summerville, Ladson, Outside I-526",Buckshire,2,A2,2021-01-15,2021-04-06
"32 - N.Charleston, Summerville, Ladson, Outside I-526",Fetteressa,2,B2,2022-05-13,2023-06-13
"32 - N.Charleston, Summerville, Ladson, Outside I-526",Pt Dowling Tract,2,B2,2022-08-25,2024-09-05
41 - Mt Pleasant N of IOP Connector,Crown Pointe,1,A1,2026-05-15,2026-05-15
41 - Mt Pleasant N of IOP Connector,Dunes West,1,A1,2021-04-09,2021-04-09
41 - Mt Pleasant N of IOP Connector,Hamlin Plantation,2,A2,2023-03-03,2024-04-11
41 - Mt Pleasant N of IOP Connector,The Meridian,3,A3,2020-11-25,2023-08-03
42 - Mt Pleasant S of IOP Connector,Belle Hall,2,A1/C1,2022-07-27,2024-07-15
42 - Mt Pleasant S of IOP Connector,Marsh Grass Condominiums,2,A2,2022-10-03,2023-06-14
42 - Mt Pleasant S of IOP Connector,Snee Farm,1,A1,2022-07-21,2022-07-21
45 - Wild Dunes,Beachwood,1,A1,2021-12-31,2021-12-31
45 - Wild Dunes,Wild Dunes Yacht Harbor,1,A1,2024-12-30,2024-12-30
51 - Peninsula Charleston Inside of Crosstown,Ansonborough,1,A1,2022-03-02,2022-03-02
51 - Peninsula Charleston Inside of Crosstown,Cannonborough,2,A2,2023-07-24,2024-12-13
51 - Peninsula Charleston Inside of Crosstown,Cannonborough-Elliotborough,2,B2,2024-02-28,2024-06-24
51 - Peninsula Charleston Inside of Crosstown,Eastside,1,B1,2023-11-01,2023-11-01
51 - Peninsula Charleston Inside of Crosstown,Wraggborough,1,A1,2021-03-09,2021-03-09
52 - Peninsula Charleston Outside of Crosstown,Garden Hill,1,B1,2021-06-14,2021-06-14
52 - Peninsula Charleston Outside of Crosstown,North Central,3,A3,2020-10-09,2025-08-08
52 - Peninsula Charleston Outside of Crosstown,Wagener Terrace,3,A2/B1,2021-03-10,2023-07-17
52 - Peninsula Charleston Outside of Crosstown,Westside,3,A2/B1,2022-03-18,2024-11-14
61 - N. Chas/Summerville/Ladson-Dor,Appian Landing,1,A1,2024-09-27,2024-09-27
61 - N. Chas/Summerville/Ladson-Dor,Appian Landing III,1,A1,2020-08-05,2020-08-05
61 - N. Chas/Summerville/Ladson-Dor,Pepperidge,1,B1,2025-05-14,2025-05-14
61 - N. Chas/Summerville/Ladson-Dor,Stratton Capers,1,A1,2026-03-06,2026-03-06
61 - N. Chas/Summerville/Ladson-Dor,Woodington,1,A1,2021-09-02,2021-09-02
62 - Summerville/Ladson/Ravenel to Hwy 165,Bridges of Summerville,1,A1,2021-10-13,2021-10-13
62 - Summerville/Ladson/Ravenel to Hwy 165,Millbrook,2,B2,2026-05-07,2026-07-30
62 - Summerville/Ladson/Ravenel to Hwy 165,Shady Oaks,1,A1,2021-07-16,2021-07-16
63 - Summerville/Ridgeville,Rose Hill,1,A1,2023-02-16,2023-02-16
63 - Summerville/Ridgeville,Summers Corner,1,A1,2021-06-18,2021-06-18
63 - Summerville/Ridgeville,White Gables,2,A2,2026-04-13,2026-05-14
71 - Hanahan,Belvedere Estates,1,A1,2021-11-30,2021-11-30
71 - Hanahan,Bowen,4,A4,2020-11-02,2022-07-20
71 - Hanahan,Otranto,1,A1,2021-05-26,2021-05-26
71 - Hanahan,Tanner Plantation,1,A1,2022-06-14,2022-06-14
72 - G.Cr/M. Cor. Hwy 52-Oakley-Cooper River,Carlton Place,1,A1,2020-11-30,2020-11-30
72 - G.Cr/M. Cor. Hwy 52-Oakley-Cooper River,Liberty Hall Plantation,1,A1,2023-12-26,2023-12-26
72 - G.Cr/M. Cor. Hwy 52-Oakley-Cooper River,Strawberry Station,1,A1,2021-12-17,2021-12-17
72 - G.Cr/M. Cor. Hwy 52-Oakley-Cooper River,Tanner Plantation,1,A1,2020-10-29,2020-10-29
73 - G. Cr./M. Cor. Hwy 17A-Oakley-Hwy 52,Berkeley Commons Townhomes,1,A1,2021-10-25,2021-10-25
73 - G. Cr./M. Cor. Hwy 17A-Oakley-Hwy 52,Persimmon Hill Townhouses,1,A1,2020-07-31,2020-07-31
"74 - Summerville, Ladson, Berkeley Cty",Briddleford Ridge,1,A1,2021-01-29,2021-01-29
"74 - Summerville, Ladson, Berkeley Cty",College Park,1,A1,2020-10-05,2020-10-05
77 - Daniel Island,Center Park,1,A1,2021-08-13,2021-08-13
77 - Daniel Island,Daniel Island,1,A1,2023-05-01,2023-05-01
